seed,baseline_b_u,baseline_b_v,baseline_returns_to_scale,baseline_wald_pvalue,baseline_crs_rejected,baseline_a_unconstrained,baseline_a_constrained,baseline_n_obs,frictionless_b_u,frictionless_b_v,frictionless_returns_to_scale,frictionless_wald_pvalue,frictionless_crs_rejected,frictionless_a_unconstrained,frictionless_a_constrained,frictionless_n_obs,crs_survives_both,delta_a_constrained,delta_a_unconstrained
1,0.9376241456865864,0.18879756576893802,1.1264217114555244,0.1722826812232567,False,0.6610907647501906,0.9550252933058737,100,0.900907796275651,0.17980738843584548,1.0807151847114964,0.25697379440872214,False,0.7430549238294271,0.9421577137750115,100,True,0.012867579530862261,-0.08196415907923649
2,0.8940675169448853,0.20904369598070005,1.1031112129255853,0.047193388190581574,True,0.683766946731921,0.912556846360089,100,0.9295005306703621,0.1575214157472571,1.0870219464176192,0.14602724535633232,False,0.7335607359838738,0.9438331687077699,100,False,,-0.04979378925195288
3,0.9598501034235356,0.04409647866615646,1.003946582089692,0.837963622555672,False,0.9592650669120918,0.9701661965762793,100,0.9540900304027558,0.08191790882692457,1.0360079392296804,0.16214146198357335,False,0.8716312801305984,0.9690577990467981,100,True,0.0011083975294812198,0.08763378678149336
4,0.8799733985429181,0.0992868322632301,0.9792602308061482,0.8227073142699994,False,0.9693804057695811,0.914134082848356,100,0.9073927857003332,0.09537828486899436,1.0027710705693276,0.9332928797707506,False,0.9392867246542136,0.9469837551588138,100,True,-0.03284967231045788,0.030093681115367477
5,0.9598086621229331,0.04733013440530165,1.0071387965282348,0.592257314495593,False,0.9495759460288352,0.9692221243225807,100,0.961623808959083,0.05754434357891902,1.0191681525380019,0.34500070219623225,False,0.9217532824411855,0.9752982406303861,100,True,-0.006076116307805357,0.027822663587649732
6,0.931984759742582,0.10262187944217968,1.0346066391847617,0.16947087758449353,False,0.868804977283202,0.9584711451395962,100,0.9070293871306513,0.20437239515168293,1.1114017822823343,0.1435665444812952,False,0.6838644233778824,0.9463126706645879,100,True,0.012158474475008285,0.1849405539053196
7,0.9299687775120946,0.14024949270348142,1.070218270215576,0.1804017774271096,False,0.7640218570453771,0.9329351203384969,100,0.9410683964059542,0.06510446736412379,1.006172863770078,0.8948620563408367,False,0.9432228467172153,0.9601514724263653,100,True,-0.027216352087868434,-0.17920098967183828
8,0.9530415300741594,0.1838849331624861,1.1369264632366454,0.08143689730379058,False,0.6482440141882573,0.9564187025124969,100,0.9257274143607319,0.1469160086007978,1.0726434229615296,0.06492692526002371,False,0.7717530271493047,0.9540264191796671,100,True,0.0023922833328298143,-0.12350901296104744
9,0.9176409204910965,0.1700665411769975,1.087707461668094,0.13591071012329212,False,0.7328501965797161,0.9395810016002215,100,0.9362034588407422,0.08553079584141998,1.0217342546821622,0.45346128372250816,False,0.9054600988509067,0.9649922715186798,100,True,-0.025411269918458324,-0.17260990227119066
10,0.9426318699229039,0.06519956600467824,1.0078314359275822,0.796444735167529,False,0.9324176778383374,0.9533986399552722,100,0.939623994750691,0.08948547299189691,1.0291094677425878,0.4977705220775219,False,0.8839413215502672,0.9625933789932966,100,True,-0.009194739038024369,0.04847635628807023
11,0.9140084905255332,0.061473075562114676,0.9754815660876479,0.68529286775453,False,0.9989809593707053,0.9305168351871269,100,0.8875150518724819,0.13671112358851711,1.0242261754609991,0.5580433789514362,False,0.8662871165799695,0.930266350646618,100,True,0.00025048454050891067,0.13269384279073582
12,0.94814894761422,0.08613431411993472,1.0342832617341546,0.3654896542513654,False,0.8696103713250449,0.9594329956075518,100,0.9543499902512979,0.08511897570094107,1.039468965952239,0.08033437823495754,False,0.8670008492579837,0.9723601158421203,100,True,-0.012927120234568545,0.0026095220670612207
13,0.9511860891621526,0.1067228365049755,1.0579089256671281,0.14050907868339282,False,0.8121690731597716,0.9584392171704711,100,0.9690077923748599,0.014682976579967422,0.9836907689548273,0.49102184122817066,False,1.0267169893133865,0.97839166290827,100,True,-0.019952445737798863,-0.2145479161536149
14,0.9604782426157206,0.08362066321042638,1.044098905826147,0.3405857076935447,False,0.848151093726163,0.9600112716428659,100,0.9365939677460613,0.13704439199152163,1.073638359737583,0.0041896595469525675,True,0.7731052728109784,0.9574070355242768,100,False,,0.07504582091518464
15,0.8882999901361703,0.12131026003270651,1.0096102501688768,0.8529134691335959,False,0.8980670671600546,0.9225867020509035,100,0.9209839472592114,0.17220033709963523,1.0931842843588466,0.08826237730419,False,0.7178417007902346,0.9434207871137411,100,True,-0.02083408506283757,0.18022536636982
16,0.9454809617548292,0.06615110202935504,1.0116320637841842,0.6778756638787541,False,0.9317896023858111,0.9635387048017707,100,0.936765958743224,0.07961992438271276,1.0163858831259367,0.6459444522430001,False,0.9158064325827707,0.9605768313563393,100,True,0.0029618734454314177,0.015983169803040376
17,0.9137318152446172,0.177463047826659,1.0911948630712762,0.046838359060425744,True,0.7185389416522535,0.9352999771739486,100,0.925323770666609,0.09060706620725922,1.0159308368738682,0.6437392373246629,False,0.9123844651226759,0.9555813909006291,100,False,,-0.1938455234704224
18,0.8810752403099229,0.17465765309456172,1.0557328934044845,0.41690062042536724,False,0.7735838029328657,0.9056882336286459,100,0.9074122850590077,0.2015322658680187,1.1089445509270264,0.06868124558686575,False,0.6794336604909255,0.9314686063074107,100,True,-0.025780372678764762,0.0941501424419402
19,0.9255346922113052,0.131588323668611,1.0571230158799163,0.4115822918325015,False,0.7821410572653743,0.9211796101930527,100,0.9279704465966941,0.15728332225948838,1.0852537688561825,0.2583894391773607,False,0.7325370775404038,0.9394446791868275,100,True,-0.01826506899377478,0.04960397972497055
20,0.945366705442008,0.19440813796890039,1.1397748434109083,0.04128120724684583,True,0.6337071866992892,0.9423872683428084,100,0.9418586942391632,0.08751069306338499,1.0293693873025482,0.3986188959270874,False,0.8827917792031454,0.9631950245203216,100,False,,-0.24908459250385628
